[
  {
    "href": "https://www.youtube.com/watch?v=fEt16dqugAo",
    "src": "https://www.emart24.co.kr/image/NDM4ODk=",
    "snsSrc": "https://www.emart24.co.kr/assets/assets/imgs/youtube48.png",
    "snstitle": "YOUTUBE",
    "slidetitle": "2023 NEW F/W 반찬 Collection Launching Show"
  },
  {
    "href": "https://www.youtube.com/watch?v=5N2j4jvmWXs",
    "src": "https://www.emart24.co.kr/image/NDM4ODc=",
    "snsSrc": "https://www.emart24.co.kr/assets/assets/imgs/youtube48.png",
    "snstitle": "YOUTUBE",
    "slidetitle": "소주를 부르는 군대의 맛"
  },
  {
    "href": "https://www.youtube.com/watch?v=2Zpvk_5UkOs",
    "src": "https://www.emart24.co.kr/image/NDE1OTI=",
    "snsSrc": "https://www.emart24.co.kr/assets/assets/imgs/youtube48.png",
    "snstitle": "YOUTUBE",
    "slidetitle": "[비하인드] 편의점래시피 5화 영업사원편"
  },
  {
    "href": "https://www.youtube.com/watch?v=RvV7ae6GfS0",
    "src": "https://www.emart24.co.kr/image/NDE1OTE=",
    "snsSrc": "https://www.emart24.co.kr/assets/assets/imgs/youtube48.png",
    "snstitle": "YOUTUBE",
    "slidetitle": "이마트24 영업천재 장 사원의 실무 능력 평가"
  },
  {
    "href": "https://www.youtube.com/watch?v=x-9otScKzCQ",
    "src": "https://www.emart24.co.kr/image/MzE3OTc=",
    "snsSrc": "https://www.emart24.co.kr/assets/assets/imgs/youtube48.png",
    "snstitle": "YOUTUBE",
    "slidetitle": "래원x건희 우당탕탕 요리교실"
  },
  {
    "href": "https://www.youtube.com/watch?v=gbr8SCJZj00",
    "src": "https://www.emart24.co.kr/image/MzE3OTY=",
    "snsSrc": "https://www.emart24.co.kr/assets/assets/imgs/youtube48.png",
    "snstitle": "YOUTUBE",
    "slidetitle": "[👧V-log] 단진에게 점령당한 이마트24 삼청동점 단진24 방문기😎"
  },
  {
    "href": "https://www.youtube.com/watch?v=5ugIP0YkmEQ",
    "src": "https://www.emart24.co.kr/image/MzE3OTU=",
    "snsSrc": "https://www.emart24.co.kr/assets/assets/imgs/youtube48.png",
    "snstitle": "YOUTUBE",
    "slidetitle": "푸드타워 샌드위치처럼 샘들일찍 만든 래원"
  },
  {
    "href": "https://www.youtube.com/watch?v=efeWx100aEs",
    "src": "https://www.emart24.co.kr/image/MzE3OTQ=",
    "snsSrc": "https://www.emart24.co.kr/assets/assets/imgs/youtube48.png",
    "snstitle": "YOUTUBE",
    "slidetitle": "인마이편의점백 💼 #교동전선생 💛오징어김치전 💛호징어해물파전 💛깍두기전 💛닭갈비전"
  },
  {
    "href": "https://www.instagram.com/reel/CpMCp3vvsf-/",
    "src": "https://www.emart24.co.kr/image/NTUyNw==",
    "snsSrc": "https://www.emart24.co.kr/assets/assets/imgs/insta48.png",
    "snstitle": "INSTAGRAM",
    "slidetitle": "👧💼 : 이마트24 알바생 민지(MZ)가 소개하는#인마이편의점백"
  },
  {
    "href": "https://www.youtube.com/watch?v=pGeY3NSmbJo",
    "src": "https://www.emart24.co.kr/image/NTUyNg==",
    "snsSrc": "https://www.emart24.co.kr/assets/assets/imgs/youtube48.png",
    "snstitle": "YOUTUBE",
    "slidetitle": "인마이편의점백 💼 민지(MZ)의 하루식단 #쇼츠 #short"
  },
  {
    "href": "https://www.instagram.com/p/CowBRRLv7W4/",
    "src": "https://www.emart24.co.kr/image/NTQ2Mw==",
    "snsSrc": "https://www.emart24.co.kr/assets/assets/imgs/insta48.png",
    "snstitle": "INSTAGRAM",
    "slidetitle": "지구인들! 이번 주 신상배달 기다렸둥?🙈"
  },
  {
    "href": "https://www.youtube.com/watch?v=b-xhIEwz6XQ",
    "src": "https://www.emart24.co.kr/image/NTQ2Mg==",
    "snsSrc": "https://www.emart24.co.kr/assets/assets/imgs/youtube48.png",
    "snstitle": "YOUTUBE",
    "slidetitle": "[단독] 래원, 회사에서 게임하다 직원들과 결국.....더욱 돈독..💛"
  },
  {
    "href": "https://www.instagram.com/p/CndPLf4Ph3Q/?next=%2F",
    "src": "https://www.emart24.co.kr/image/MjI2MA==",
    "snsSrc": "https://www.emart24.co.kr/assets/assets/imgs/insta48.png",
    "snstitle": "INSTAGRAM",
    "slidetitle": "프로 운동러들 모여라! 프로틴 N+1 상품 모음😎"
  },
  {
    "href": "https://www.youtube.com/shorts/K24c8u-LixA",
    "src": "https://www.emart24.co.kr/image/MjI1OA==",
    "snsSrc": "https://www.emart24.co.kr/assets/assets/imgs/youtube48.png",
    "snstitle": "YOUTUBE",
    "slidetitle": "원둥이가 알려주는 뱅쇼만드는 방법"
  },
  {
    "href": "https://www.youtube.com/shorts/EFjrsVb3EBQ",
    "src": "https://www.emart24.co.kr/image/MjI1Ng==",
    "snsSrc": "https://www.emart24.co.kr/assets/assets/imgs/youtube48.png",
    "snstitle": "YOUTUBE",
    "slidetitle": "인마이편의점백 💼 김토끼콜라보"
  },
  {
    "href": "https://www.instagram.com/p/CndWBLXMwbi/?next=%2F",
    "src": "https://www.emart24.co.kr/image/MjIyNg==",
    "snsSrc": "https://www.emart24.co.kr/assets/assets/imgs/insta48.png",
    "snstitle": "INSTAGRAM",
    "slidetitle": "원둥이의 특별 간식💛 잭링크스 육포!"
  },
  {
    "href": "https://www.youtube.com/shorts/pLZtSTJOT_Y",
    "src": "https://www.emart24.co.kr/image/MjIyMA==",
    "snsSrc": "https://www.emart24.co.kr/assets/assets/imgs/youtube48.png",
    "snstitle": "YOUTUBE",
    "slidetitle": "원둥이가간다💛 남산타워에서 다이어트..?"
  },
  {
    "href": "https://www.instagram.com/p/Cm23oHGr5fp/?next=%2F",
    "src": "https://www.emart24.co.kr/image/MjIxNg==",
    "snsSrc": "https://www.emart24.co.kr/assets/assets/imgs/insta48.png",
    "snstitle": "INSTAGRAM",
    "slidetitle": "원둥이가 준비한 2023 새해 특별한 선물! 🎁"
  }
]
